feature_1,feature_2,feature_3,feature_4,feature_5,feature_6,target
-2.935915794353532,-3.355193128816909,-3.066443772586052,-1.877442885236109,-0.970755660874487,-0.9731153602213203,1
0.41457692757016495,-0.7470228418079292,-1.6228854468031182,-1.2500684892063942,-1.5319318404419349,-0.5030805391046554,1
-0.3669749683763044,-0.7906154530807548,-1.699050009554143,-0.2821000200372859,1.269765697155124,2.0236005675424753,2
1.6943542700885788,-0.8982851954129516,-2.24333826948097,0.6982208361354789,1.1404385085101278,0.7505361154353056,2
-1.2309946590208884,-1.6003858864641616,-2.8469190386181715,0.5770258266684529,-0.1225120368907926,0.34981234254886373,1
0.4807171384365365,-0.2395371859046509,-2.5642530884143087,-0.32275102611843537,0.6309317310212964,0.43483122076684505,2
-1.737769382849371,-0.6586574029460296,3.095724792164444,-1.2801253069331895,-2.533758459124325,-0.3665010555121015,0
0.646342290261706,-0.01944636522273735,-0.695736722848592,-0.6927314644886842,2.392482476937454,0.9167449190592203,1
-0.47674430660380496,-1.9235938380642084,-0.7925320439819392,1.556049439477057,2.653521137296649,0.4486897683389067,1
-0.626000362903185,0.36951543749698756,-0.5439970066104748,2.0258070919112505,2.1336289555024734,-0.37732151011826054,2
0.47215181963332586,-0.8688375675586361,-0.6978578756867188,0.7176907414394635,1.2781515480303212,0.24324456985562717,2
-0.08138135186539208,-0.8079123676386136,-2.0248050745135275,-2.5297162106054607,0.07102812170391537,-0.41500158233511925,1
2.1101441057128296,-0.8763394139618291,1.319340495611954,-1.217396118989266,1.5213223770114428,-0.07609676861195927,2
-0.017491605939582988,-0.6178745079250528,-1.4288383611663733,-0.35794383140131436,-0.2608324581472017,1.4690233975407674,1
-2.6082028946352787,-1.6705027392078002,-1.2172735202857474,-1.760578594241603,1.8147407524770336,1.3693876725962943,1
-0.8254682789632024,-2.2279831896495574,-3.3474158955824023,0.3056292304581544,-0.40984449029511527,0.3157358988773569,1
-1.3932205904922692,-2.2607930627623096,-1.8437364824646574,-0.29071074335321945,0.2057812099341645,0.2827886964836766,2
1.545117886976577,-0.3358714394436655,-1.605380662807409,0.6933246903326009,0.9142731383955922,-0.7773900758589046,2
-1.5000989605903334,-2.4217891279603476,-0.21431983998700654,-0.4735712337713081,-2.5964868804451395,0.9262443215248913,0
1.4354545357322648,0.06770069456393468,-1.4171562636991264,-0.09938033012642304,-1.1139917640161263,1.0641141833347134,1
1.630808815291854,-2.7987652042927724,-0.6968851842457068,1.0769228252928504,1.3728715558887838,0.06681488317740555,2
-0.5388459361761075,-0.6626273983126086,-1.740902417627703,-1.524415338120977,0.18274370236153004,0.2638517010739347,1
-1.5877522735878573,-0.64500560629532,-0.5960741557711953,-0.33960163448836717,1.5403873651283342,-1.3760422637893543,1
-0.5893774476666862,-0.19739079581674934,-1.098595621181094,-0.378295274261212,-1.8421400684285185,-0.3548073501842204,0
-3.104223587533991,-2.313365756769874,-0.9450937991454768,1.455060582481769,0.29510593544654673,-0.9049146520560105,1
2.86421612815893,-1.1420264001165867,-1.6389002342719272,-0.22306703548074155,0.9414448976513262,0.3224669010017471,2
-0.09225066664168524,-0.7126092503960845,-3.052772146144041,-1.593717015351033,-3.3250050035372998,0.18780254789108838,0
-2.124993159374053,-0.03842333432508771,-0.9594939493897636,-0.044954586772383044,-0.28906359283068883,0.354617568017944,1
-0.29749571101210126,0.5185383121868306,-1.4658444682308402,0.6563574506292909,1.1145577717205462,-0.32483237366931933,2
-1.6041964979404455,-1.9441318743240317,-0.4224641330431337,-0.7528447693857241,1.7406256904664958,0.9775680321615458,1
-0.36338159557751104,1.0299776071598017,0.3094623063804953,0.23320596398520743,-3.3087137048016717,1.3669904326788433,0
-1.426988897102521,-0.6320477772518797,1.2470108961237907,0.630815849144619,-1.1368677911407499,1.2706995850921912,0
0.2273129145022087,-1.8475599639349496,0.5798802941080479,1.3446761201021329,1.199059817716296,0.04293224521441284,2
-1.6497541955345354,-1.5520569972662388,0.19825752739064217,-1.2780584791178016,0.3608052088908855,-0.7285450223200068,0
0.4929227364001467,-1.8391747669441532,-3.7880824833591005,-0.1309492221844728,-0.5467108710268718,-0.41105779186704344,2
-0.9275893222883786,-0.42977881291637654,-0.29203879265312416,-0.18319134571712223,-1.442863274806379,0.4261195264046615,0
3.7382721314642495,-1.1923031554684893,-1.0838715732191528,0.2669869855276509,1.1349774746152173,-1.28976558176506,2
0.01621290940278297,-0.9434486727715795,-3.07810649134005,1.661441013728396,0.33411818591108744,1.3493250629458442,2
0.9305546988447732,-0.4289065275724978,-1.3544500335573249,-1.0058126703621093,0.8747488897756657,1.636825690112449,2
1.361126345657357,-1.2887840377093123,-1.377182506809062,-0.2622960121898327,0.7050784363170823,0.20526689360108463,2
-2.073729951197161,-1.7993061088378963,-0.9858758283758999,0.9577897351368669,2.0033471143766377,0.8560592234970398,1
0.752965551096699,-0.014537349456517523,0.3842770835763494,2.035032701365911,1.8667780925274529,1.5609497990990675,2
-1.3966345104967046,-1.5134719228233977,-0.5771415632432171,1.4798860999138403,-0.07915958020870639,0.22987220812393777,0
0.6549013225308619,0.23634598684725305,-0.10584727285232531,1.3511359132612295,2.221649028708889,1.5169467897086448,2
1.1266565005716045,-1.6764250844442454,0.044331188303661895,-0.30134644969155117,0.9037847278314729,-1.1937109876608283,2
0.70501113545932,-2.2358506271251146,-1.3079891979394955,0.12598395444891058,0.019812581569003007,-1.5048759928291267,2
-0.3715773875141266,-0.5138696387506162,-0.7218686066957111,-0.701337191602714,2.2706811992368774,0.17367664613852624,1
-0.14338315900906562,-1.4375117067344019,-2.167214186268634,-0.19847651507575567,-1.5885116386288654,-0.036813506178282614,1
-0.09513677837795731,-0.4136597318005638,-1.1193970492935656,-0.06195274609809678,0.8416998444255382,0.7018492854920929,2
-1.6424350900877824,-2.2837463515535874,-0.8476836412760046,0.8029239690806602,1.8168467862344775,-0.3242360108482005,1
2.103906745216977,-2.0840216694512486,-1.5754786371256921,0.1489719493272099,-0.26912285178209916,0.6403971849116776,2
2.5562103057480057,-2.455219562838084,-1.9413310099152201,-0.5034355591611999,-0.027281271435341647,1.2128209850318663,2
-0.7311992063102718,-1.2647622831312053,-2.1932417337245353,2.3003956426851713,-1.4949521985309473,-0.3247734732791751,0
-2.035121452741158,-1.0299770233737826,-0.9216085528040897,-0.6278832144417893,1.5930762707255037,1.765709266450403,1
-1.1772850952567138,-0.9931182897085877,-1.343943283325924,-0.28326750883946716,1.0385952371869578,0.15101229055781942,1
-0.5569183816534173,-0.3430369158995865,-2.1560453022208046,-0.48107355738448426,-0.3775308165733674,1.4827147941724148,0
1.8409033954950256,-1.0712344994935616,-1.8895567599068377,0.314448917351962,0.27556230285356675,-0.4329008187851472,2
-2.2739922959617127,-2.036512679002875,-1.1760317288202617,2.1056770663406312,-0.3348558783732323,-0.025008706309041482,1
0.4516644004079231,-0.9256189077558461,-0.4546959893983875,-0.6405294565074873,1.3896262722278467,-0.20899996069373228,2
-1.9772561052847428,-2.393189617170476,1.0052222122403376,0.9481214391006447,-1.0915859266835035,0.264644005121289,0
-0.04156385812664265,-0.2575590155960933,-3.421317736889377,-1.5456501396999585,-1.6442815502917782,-0.24091124509361989,0
0.15336897968377283,-0.17102574120467984,0.26512148966266635,-0.30656944713385026,1.4499075106555401,-0.18078436389549102,2
-1.779066072566923,-1.870884611630689,-1.2468218769731039,0.05662845181217025,-0.153372320553959,-0.35884641691291935,1
-1.3134133508392258,0.9063966717068641,1.6427309748504677,-1.0551784721031583,2.071959684506115,-2.36396849425218,1
-1.4955494885871232,-0.06063166735899328,1.2790707250514406,0.301420515516767,-1.1870945259990706,0.13315121142428596,1
1.289911523929613,0.558670433093466,-1.588486213726659,0.6597211996563939,1.5862488681635531,-0.12818546958576715,2
0.2485806830373698,0.7785972385053539,0.4795715698472265,1.2679221333318873,2.3813529562337257,-0.20892848687957735,1
-2.664866975471958,-1.5777811241569273,-0.2270711612153189,-0.9393267378659398,1.2771894016998542,0.1130961378202375,1
-1.5167163098399896,-2.0075475586408538,-0.16170158762949505,-0.42251273442204323,-1.1848790774033695,-0.39231476873390336,0
0.8545248440593101,-0.00894659122219621,-1.1935705093020927,0.2490116763645237,1.5552908981133418,-0.4193155453317213,2
-0.664607625912486,0.3002264462715889,-0.36798788820964845,-0.579052547947254,0.15760024666311878,0.10393883414889918,1
0.21444245961218877,0.5488563063936875,-3.2431950178082327,-0.7087850802465393,0.4493230721142524,0.37348118773216055,2
-0.06933044082166873,0.9205255265376184,-1.9286569858309326,1.9190008932186058,-1.4082563000069093,0.9557079561210825,0
-1.024679754691181,-3.1872853162083232,-2.653904961875983,-0.39530547743974637,0.2238613820270433,-0.13045986903936505,1
1.2953610058557614,-1.8238271492283797,-0.984767480553926,0.8287094352199172,0.938142098089731,0.21345301927981047,2
-3.202572902224484,-4.89952342485326,-3.028490668067858,0.11362445749432701,3.838289090485571,-1.153623990282676,1
1.4453451783310303,-0.7957130435434706,-3.0227468230937884,-0.7835221841353823,-0.6104163129086797,-0.9997528010881317,2
0.5979691592078051,-1.71142799428952,1.937569447153233,2.562527659332516,1.3893440811938285,0.04172271121569786,2
1.8262823940076625,-1.2355468498559574,-1.8338631834510206,-1.3495488481743696,2.054258543137591,0.4603298731798137,1
-0.9284694779653601,0.30084319300816187,0.9860147128279764,-0.6722782721875988,-2.0199058304269464,-0.08456299914380815,0
-1.0130523765523554,-1.9390368927856534,-1.242175193708646,1.4212829829524993,2.2612132104649887,2.0773799955912433,1
-1.803707363141767,-2.7401067442611993,-0.4212008353423372,-0.6349069197424152,-0.5113868423160873,0.29837745260117915,0
0.9976467492012957,3.3640982450654953,-2.6165748630605234,0.4486131033181622,-1.8510904247447495,-0.0486068948728155,0
-1.734346966738367,-1.9485140140974124,-0.5210568146820083,1.2999740467257528,1.3157475297023316,0.597731708113624,1
-1.257201188640848,-1.9970905696877481,-1.9735965155690907,-0.7192433379629661,0.33432631948121605,-0.8658664371290591,0
-0.9871097782692572,-0.5857302479446798,-1.2979496161866517,-1.2877754452982377,0.7617723866014479,-0.26095483295925803,0
-1.4541601103372328,-1.9250085689853216,-0.45312658494177316,-1.3888915541730793,2.7535553029413635,1.4461946654953937,1
-0.929008315797726,-0.37836461850543435,-1.3227186399825885,0.9422381514973616,0.8748537253058208,-0.4177797974317798,0
1.8394985438940537,-3.152547023831613,-0.49766957555701097,-1.2680142073833764,1.0409448443023228,-0.1791497576634285,2
0.3063535722251485,1.1865252049443984,-2.4224605864746085,0.7558549597599394,-2.583268689723623,0.6481372699075333,0
1.1124964309201273,-0.7211479520933156,-3.392837860888727,-0.8362881187253874,0.5976443189237537,0.1744592948367024,2
0.5437539164217462,-1.1115726040131682,-0.9408966323188941,0.1970268328773009,0.8875123927373444,0.029965440097251415,2
-0.3025021402713589,-0.4279011371403415,-3.2846612972449676,0.3631193416713573,-0.4747516812896071,1.075393445646077,0
2.170353806977671,1.8369110229160643,0.12211740601766996,-2.209351605823344,0.8829817114196348,1.435435785839352,1
-0.13336527715380453,-0.7034526597302091,-1.1356041951197002,-0.03765994352544069,1.0933506039895284,0.31304970991314623,2
-1.1653671683458393,-1.2421140807915463,-1.105645557496101,0.21364588151247146,-0.18811324976325638,-1.4187085375474735,0
-0.07664700148500325,0.3723741428655001,-3.366271697087244,0.060608835674933005,0.14307985805737555,0.9034490360911002,0
-0.970625082752804,-1.0854911101689482,-0.10244150401688368,-0.5045524370842177,-3.2805249478819585,1.497368970934125,0
0.525643667738988,-0.9617832630127164,1.0730926385187889,1.008001947245045,1.4885888647592411,-0.7055540917782499,2
-1.267251541482358,-1.6319751925669648,-1.0734721587281306,1.1714263477638722,1.2127156251996676,-0.8343641789960169,1
-0.612789102234522,-0.11109756607646915,-0.5167116264186196,0.18465277590460072,-2.6724619027033087,0.6546541629080077,0
-1.5493981845696534,-2.7739249879314922,0.19931813679369137,-1.030014575863108,-4.021929342984621,-0.8600133615785398,0
-1.6373652103751826,-1.3384851615747144,0.3961791346748931,1.0479129691305784,0.40399488248535675,-0.7290791631026989,0
-2.088811216919317,-2.8050581519664632,-1.4426028765789143,0.00799689961726585,0.7171404424261307,0.2926513874005982,1
-0.23672851689653807,-1.3170460904306922,-0.2375706337903838,0.21494016993893264,1.6327193983979895,0.2020209369900072,2
-0.7723161293179833,-1.4680948857380907,-2.248633840790056,0.666166065471662,-1.4991026959137692,-0.16719614307235198,0
-2.3846158351113154,-2.283795490980572,-3.139109686966718,1.3466658228367874,-1.0204104619893406,0.054020726047489774,1
0.37792320567015003,0.4382789595296166,0.727468729099231,-0.29384703634710596,1.4468456312838867,-1.7649203841448429,1
0.4402495558370101,-0.4664573617510789,-0.7491718979379702,-0.1010387768819228,1.7813665704611819,0.11643824066339366,2
-0.3407055689603149,-0.7446852538203365,-1.4844357221120943,0.15552242595499616,0.05068696228058256,-0.2714814676069348,1
-0.3886601103599422,0.07451116419060466,1.8658406139530967,-0.09117423351856317,3.27217974894718,-0.8859543132945961,1
-1.3361683231264203,-1.2244977634164185,-0.27678190364684174,2.407377583931219,-0.4277583541203883,-0.6199341874048961,0
-3.166574462431917,-3.848393255794954,-2.640202235341379,-0.6607420360353083,-0.5803364514634959,-0.5083893712580683,1
-0.2509407349916567,-0.21227541423200513,-0.3923843194987371,-1.7827047434480237,1.6484232069383045,-0.9882688581768089,1
-0.03955494599358089,-0.12660934620041864,-0.38528194752032374,1.5064217220015799,2.4067585011801924,-0.8009807933177084,1
0.5178822194742738,-0.9627257939870747,0.4042096663826267,2.2362836507959862,1.7610951305975129,-1.3208237738789572,2
-2.083820269713188,-2.9423254530051643,0.279521792399261,-1.0987024773847005,-0.16913467433800955,1.6165704941174162,0
-1.6284359428333923,-1.1287134566342685,0.9056288951770015,0.25178770689393903,0.00950423039980186,0.8328993285973896,0
-0.488237148906536,-1.156714161156228,-1.0012259692860752,0.4705147617608019,1.361193031064666,0.3728329917986322,1
-1.7030535616673619,0.15648862820290876,0.2560721940114197,-0.16809346596524435,0.498954112142478,0.4244730942479096,1
-0.6520588995327579,-0.24980736446659024,-1.755576625651356,-0.21371215199588148,-0.2026664858046301,-0.8702675501809736,0
-2.651905711621331,-0.09723168753941502,0.43239990909773174,-0.3518241723372218,-0.8121804903836656,-1.0992282503581436,1
0.2905889901459223,-1.7943561290045853,0.49955697667506627,0.6523887162435664,1.4747647425328791,0.20205461602564603,2
1.4657005619249588,-1.9677707981928108,-0.3138118922602088,-1.2323211470374407,1.2258343207388698,-0.9965927363229516,2
2.017247207294151,-2.870643457478235,-0.8215022146706554,0.7559251916437938,1.114161141635019,1.6281495457568582,2
-0.31439703057339663,-0.46988861611271016,-3.0348124243294596,-0.23989891708016095,-0.8584048445706886,-0.05461267405809275,0
-1.1637715601743717,-1.1537698492756256,0.28704173439268876,-0.621627174035903,-2.7875224742589806,1.6216000997663216,0
-4.246107211203418,-2.9282292984787857,-1.7899093569155435,-0.38267843755186814,1.3396736935417612,0.23394745213453977,1
-1.2759579851706915,-0.31341544724077,2.1721190811636877,0.6235221029507587,-3.518246843705955,0.031022936999807037,0
-0.15489705304904988,-1.990024884189337,-2.648876831952284,-1.2875190260592986,-0.0795620118699969,0.3411273134397087,1
-0.4527652518121772,-1.0175741029200294,-1.1971505113082357,0.6164364225217362,0.7879599746454703,0.14534580275063477,2
1.2971136836149377,0.07513431229876644,-2.4570488965772252,-0.749143264693601,0.4703031144904023,1.5457122976592172,2
-2.007832743202783,-1.9095522117683115,0.45114330486562704,1.1953361180028157,1.8032434985955197,-0.8590879423640695,0
-0.4729905261420785,-0.1300779955866449,0.22152788446283256,1.7198462111025852,3.2760195236623817,-0.8469123283169792,1
-1.8384017496841354,0.45797635868257314,-0.2105837330111161,1.4776818779376781,-1.78369887328871,-0.7670175269020002,1
0.13641117282760984,0.02542591240515324,-3.570464653221387,0.49317200320172117,-2.1521117466503883,-1.880443055124838,0
-0.5657722351619939,-0.6164851132520301,-1.6266355571036382,0.1577507810297153,-2.1533499656150648,0.39770177050729577,0
0.637651443583284,-1.8887910601777829,-2.7796246213302576,0.5460735131371113,0.30234939249926684,-1.0954334572945867,2
-0.16165006626984812,-0.6502549708362247,-3.6632110044858512,1.3169588366867038,-1.4346961169277623,-0.8224315772548629,0
1.3341431137274122,0.5024621866712751,-4.00156692357519,-0.40073556918739084,-0.1514457324032097,-0.7705679143861808,2
-1.491503818565684,-2.3340620609461,-0.5285618524276567,1.5683392760301245,-1.6084331567384573,0.281735063829374,0
-0.9122618379174183,-0.3948317761888963,0.012073748626560743,1.4935827693088695,-2.1787608817660695,1.0541286760189787,0
-2.0544810112914442,-3.536700781316508,0.3064783994743119,0.13110209068591813,-2.2479057903554187,1.0276776748010317,0
-1.0075604397280178,-2.202014040069542,-1.5975114557150283,-0.2748987578856162,4.246838894536623,-0.3453931546700472,1
-0.7760399242022906,-0.11885870838227608,-0.47664358224448145,-0.42905192684785065,-1.3698954433375332,-2.0734208889363828,0
-0.7065940882927972,-0.6007545756022161,-0.9406767007095858,0.7460881195396843,-2.4937387210512933,-0.8039723988069778,0
1.4655556703780537,-1.0686009726965264,-3.4129322521063,-1.4273335895154653,0.7261401917630852,0.27861919206591823,2
0.22062760575898877,-1.5277099866330872,-0.6300390300171327,0.21899252333399247,1.2988693188488845,-0.6473154083300372,2
2.323940793543745,-0.9490440370344472,-3.114562086307766,1.6608024019379088,0.014627140372546088,-0.7413932766302571,2
-1.9123900095315607,-2.2965147881717165,-1.5235552445747882,-0.4167026002343339,2.9014390828344814,-2.7610619661559896,1
2.9339748434679893,-0.6337717916900087,-2.7384103100503543,0.5891393590279725,0.374775615145559,-1.0790755000679764,2
-4.181512254066368,-1.9409125814183645,0.07140842141717174,-1.1284736297475466,1.6919544301237488,0.5871376842128475,1
-0.5135405146943883,-0.3303705581914087,-2.138699804059441,-0.4642210974332259,-0.5538201786449126,-1.3767297025036298,0
-0.3148954587175392,-2.112297280166091,-1.204160770040708,-0.6596263010599115,0.15032052096004556,-0.8699801924749085,2
-2.5066537431144527,-3.764357405147523,1.2866892227196702,0.8647446916408404,-1.1925808963127393,-0.46040661563924223,0
0.3125921677722099,-0.2807714321354422,-1.1205110012245345,0.10379718109609347,3.010421332132253,1.726626506496595,1
-0.2694528757587795,-2.1412015204557826,-0.9005968818083844,0.8638798216688371,1.9206858753244282,0.41886474740898055,1
-1.1302272012024823,-1.0266617369483695,-1.2300151544785818,0.3254317585362977,0.4276353499721077,1.4703207720364857,0
-2.86441062678338,0.46769465711879765,0.8636926935223035,1.3966284795073118,2.000070200577121,-0.39643582943141487,1
-1.5042901160927713,-1.908028464827702,0.3324266165863641,1.5832255296925064,-2.1793471244528173,-0.8366279292906311,0
1.806355084926255,-2.025348175725523,0.3124243915457041,0.09096897677540905,1.312018869751777,0.6647140863088895,2
-0.16939160359311012,-0.4298013232435175,-0.9100196646155454,1.18004536881117,0.4022166661056309,0.1546084295207779,1
-0.7233314197138393,-2.1195872169219325,-2.9184110599603614,-1.4890003551239719,-2.5433277002719588,-0.21754074858394365,0
-3.4274684064090337,-2.460607251222627,0.05333412801224191,1.459107157301978,3.0727031809823737,0.7579053961110119,1
-0.9203177025343746,-1.9443191927056942,-0.8716745459680427,0.20944693229641737,0.5663493749200894,-0.9729497793166654,1
-0.6567569054854363,-0.5088657349327081,-0.18444543695239102,0.44319865991572976,1.629285600799903,0.27319919902204376,2
-0.9167814389151839,-1.0248805438699526,-1.1517960899419661,-0.5347156078106451,-1.4859925315721352,1.42025693244196,0
-0.29833822467427695,-0.7824456891031965,-1.6138100602492562,0.4356749109059113,-0.9634196248780778,-0.817401811088721,1
1.1204469989157357,-0.22861523022833585,-1.1294027430077906,0.1684019569354735,1.6052338475226355,-0.24134377440650479,2
-0.7096630375403792,0.26229028508393437,0.15886997743961406,0.03240144136967392,0.0820853563232048,-1.0173336567547735,1
-2.314783364212415,-2.564610883061268,-1.9370660367896793,-0.2233505408837356,2.1730895334420595,0.937391149279786,1
1.9471816218081868,-2.6222816077795548,-1.379404083866187,1.5355623779154153,-0.07997482891124008,1.1877191771664013,2
0.7686512503350424,-1.6754350608788275,-2.0088769212821793,1.2720589823398831,-0.4604784768758716,-0.002166453227886297,1
0.036428422534011906,-1.6146025536006863,-2.718589002756606,0.4107306632690933,-1.8938213334346101,0.6195664721781072,1
-2.5463922366742544,-1.3610606636979568,0.11712365314253814,0.36656575719312195,1.5109936199461176,0.5363778526017037,1
-1.987812137350959,-1.9767248593298117,1.0830827828921028,-0.5609352142237467,0.04430331718400038,0.9674877492386388,0
0.7178530975187063,-1.0564721611040873,-1.488302652881099,0.8163391559383438,2.632841470914716,0.7393058408322967,1
-1.719171297138617,-1.0547501727653616,-1.236071243531322,-0.2040932970155869,1.0034419151151657,0.935392053798128,1
-1.0845593758168355,-0.38391798670721966,-0.23799865723946634,0.9619566195553785,1.7147404843959029,-0.878270073673366,2
-1.7603177604606075,-2.055916402893203,-0.012541305001103176,1.565171932528877,0.22356288190827622,-0.26899450730334135,0
-0.5832142482730027,-2.0183738805235985,-2.4799822433185197,-0.06791473756253315,2.3285844322083546,0.17218409224015727,1
-0.6512744036023634,-0.3546609445902694,-0.910430107222358,-1.3260950590468563,-2.276319741307468,0.21991715060593411,0
-1.6621035683099024,-1.625360298871488,0.5316237080542581,-0.8662269480072499,-0.41465630709969403,0.6624810601645157,0
1.1948514793760578,-0.16932072629355277,1.229606833798257,1.0121364609085306,1.4761046263834547,-0.8056053984262593,2
0.4717711811851155,1.747837610166211,-2.5971404704249252,-1.0381691470869339,-2.0171759922609773,-0.35349544620168666,0
-0.03672207281893636,-1.5080294727493864,1.4327694070202672,0.2550533488895766,1.5938205095759626,0.22650864967201126,2
-0.5880225779580345,-1.1389786883512811,-1.843372317321067,0.6480883646604091,2.2864224049990063,-0.7573105136779609,1
-3.395969908561481,-2.0937580133540945,-0.015712994027031524,1.2749891193000438,0.9412041846821388,-1.7187508928621646,1
-2.161340096700595,-1.6592794238363218,-1.0752343947383347,-0.2172836969368236,1.6190826591150125,-1.3883901407716945,2
0.5215488434816682,0.3099346115147532,-1.0611655031964702,1.6117905913123958,1.2767790892926985,0.07997649477807062,2
-0.36045328470409355,-1.649090867293764,-1.979220760074384,1.540785811994749,1.092653041326318,-1.3824599249460918,1
-0.9624775414157146,0.4133310703328965,0.6974181497148411,-0.588038578458875,-0.8025494614329025,-0.5821115937904281,0
-0.5178797412717888,0.10274261939916762,-1.0297942431000617,0.7029537919068678,-1.8964249099390846,-0.11224746695165881,0
0.869733047159383,-0.6757049793768896,-1.207193639796028,-0.5620903253041943,0.999560324194167,1.2462673431229843,2
1.361222874147104,-0.492623710668321,-1.0542863536335196,0.08642851707843523,1.218483588447368,0.13119009034388346,2
0.013071200363863777,-0.6053087944958767,-0.588893821209928,1.6261427987831114,1.1033176069171122,-1.6646097350337665,1
-0.41344939937543934,0.1894327829647673,-0.8439041705013725,0.4604197294400478,-2.767478264952759,0.18481327076418536,0
2.144438791628062,-2.2226721712628255,-0.07786119456841067,-0.01849258839304812,1.5859840366971114,1.1408554956216552,2
-0.7840211614500371,-0.8274373910047165,-1.6004301905009184,0.35343086648641237,-0.6676000781832494,-1.6229275808300976,1
0.2634731924351075,-0.8427327574033087,-2.00339563048864,0.6535019520558621,1.0514753691037941,-1.2181079715493217,2
-0.8427918622312462,0.17781287101935273,-0.4589026251959625,1.1111993566532803,-0.9350962184644838,0.4455388465290052,1
1.4490201198914976,-1.8298336059436227,0.45408044667455605,0.7905013606617233,1.4846113128618916,0.6776396884833475,2
0.6850418851683258,-0.27505740428508296,-2.0473496450083952,0.9412578547947976,1.2797267639488803,-1.0170366693914479,2
0.6375849385860175,0.010690993952797045,-0.7697567741561501,0.34869045175724583,1.7759587159142054,0.5726081079140996,1
-1.8605659567347947,-2.270569812469054,0.37144561016307454,-1.4634059584266885,-0.41081278607771776,3.495877789600099,0
-2.442590486126739,-3.812631753674243,-2.449001767314382,0.1694418308596864,1.6203658797303908,-1.6477981083840352,1
-2.1046366281035214,-2.690875261349949,0.5588511415261235,0.18183903720506076,0.20626939873249261,1.0871951843953045,0
-0.15142315806340156,-0.5522816603488218,-0.919799887992869,0.7797554962888209,1.5728265859262072,-0.10412415422452258,1
-1.194455664605592,-1.0237890498178073,0.0975057472600902,-1.2285985157038086,1.8802935559783882,0.389600394794567,1
1.2442252175492252,-1.429600523308634,0.566160870066539,-0.46316761307279136,1.5147428933544622,1.905941348457565,2
-0.8464127327339394,-1.3546846966609833,-2.2419515330865236,0.9034807085406811,-0.7443084324838389,0.4615124050158089,0
-0.9564422777369134,-1.1271857510755674,-1.099267853760538,0.7607696419593537,-1.5251403773113306,-0.6075263423464762,0
-0.7261470862414237,0.047449430025157335,-0.563169741563504,0.9358815562717159,-1.2175202182364289,-0.9642946397563682,0
1.603706569766331,-3.3971683959519643,-2.4207447694899553,-2.537388596069884,0.5077981609494684,1.2319844712696357,2
-3.32961039604259,-2.32338483043003,-0.3430828082671902,-1.8087470156422523,1.727642522427105,0.2662837304486303,1
-3.0265582798615664,-3.7224050870703445,3.2449398077919662,-0.8189966901586768,-0.7465652914424725,0.2859186604759825,0
-0.3517872986988684,0.1650951414441706,-1.8640080882024783,-0.30872115327850763,-1.1782682914452587,0.9830827052059001,0
-1.3429991092891547,-1.2690476439025635,-0.9754657902978041,1.5960797355331489,1.0146887627743202,0.6938784449806538,0
-1.2121873427766874,-2.2875545333106704,-1.3044045066574863,-0.7193199901295528,-2.285329461244637,-1.689058449328896,0
-2.06574718571563,-1.317505319966596,2.9060386774665803,-0.6662387242582275,-1.23260312601693,-0.9343516085785111,1
-0.35868560929533344,-0.5458790597604164,-1.8920644131089195,-0.22012368028997004,-3.247278740318508,-0.02809031340802223,0
0.21512735051549925,-0.3626630596983673,-1.8920202562526813,-0.7324684570116543,0.46174980696925294,0.34828933009975854,2
-1.1910099527505396,-1.4899886149190684,-0.4917637894735961,-0.44876822448863096,-1.9217456419154568,0.31170180213121856,0
-0.5956118782773612,-2.151438417293207,-1.0130123269133484,-0.007515364270778083,1.3772277696970094,0.7576628729399759,1
2.2270035432679243,0.3853731376202707,-0.39971203988038917,-2.407344206983942,0.42428828075314295,-0.13404658325719543,1
-0.8247042110709981,0.29138948417421817,-0.7081049774980488,0.13309373513678405,0.6376394937811787,-1.748381656140865,0
0.8328094474969723,-2.048932727519996,-1.5649591863735677,0.18160906625350978,0.4548187517267508,0.7012555591767271,2
-0.4082105620779881,-1.04167018850292,0.9066357086378378,0.7384908326063404,1.883100954425962,0.20664643809833885,2
-1.8241325246781632,-2.077598798256263,-0.9506803267108765,-1.466207830896165,1.6321834683784577,0.6392695378569174,1
-0.4103653352095469,-1.1471861488736372,-2.620245461187136,1.7028270060092783,0.573763072602084,1.2084505080181531,2
1.0016909656103665,-1.8338105708453325,-2.024534925946208,-0.5326609725087593,1.2131151065668677,-0.14730039725501845,2
0.9875187387435904,-0.9762431170747383,-1.8335152878575922,0.5070812587595488,2.1139017314380943,-1.2960236202513922,1
-0.8252514103412865,-2.2784822280482677,-2.1664701675508953,-0.6156286744975648,-3.581516820544316,0.5603064413231057,0
1.0299036837006323,-1.5475464170177773,0.5264885944944406,-0.7979934021814765,2.135999098022441,0.415976621217802,2
-1.96827890930299,-0.6579617668897034,0.05765903019804042,-0.030570163417495192,-0.703317313061663,-0.4731700706360385,1
-0.3956338678298045,-1.15014311828957,-2.70332557577735,-1.3140673085340397,-2.789342459345237,-0.1701796665065516,0
-4.000003321093211,-3.2401239711803145,-2.558130863500401,0.2224341369699279,0.41250014226843157,-0.039004200618653756,1
-0.6478346715864298,-0.98449099005273,-2.0009315800115965,-1.0817474872988404,1.3338459670121772,-0.16577119760145495,1
1.9528625914076452,-2.325699795872624,-0.1583960082901399,0.3783471956072637,0.3260053839479,-1.567329153524528,2
2.1724442150122476,-1.9439008577982015,-0.6018726765310074,1.6283459593913616,0.34891062027093345,0.5196144598478016,2
-2.106932659281682,-4.806029393446359,-1.0280270921230217,-0.9923582864905137,-2.559382504309162,2.467203710812492,0
-0.2890496216584313,-0.7018754933267173,-3.0135948498701,-1.1890728658038474,-1.8893450464942396,-1.8795606280100219,0
-2.329856274915075,-2.393963000000811,-2.03167225701223,1.2325248831179065,0.7099351703906631,0.5690792595356432,1
-1.3977499388215036,-2.66600554384471,-1.3496868136248756,0.5171968345390136,-1.849054959562865,1.002085216590409,0
-0.8872388098886254,-1.1840069989458744,-1.5037304881174602,-0.488597581992664,-1.408367024782124,-0.10910851765256904,0
-0.531082631745478,-0.6378972615685399,-0.37539545887268755,-0.7805400982293256,0.2388001596972894,-1.4101410049803234,1
-1.1070545851000209,-0.941359424595652,-0.18770997733746586,0.7863127098804469,-1.7534446386057088,1.8823618585134785,0
-1.3414141918180937,-0.7932579571969851,0.8563727971683781,-1.110652196249686,-1.4302705051926508,-0.21795205326864608,0
-0.9587187763871632,0.05749038249294247,0.07855029674541303,-0.30742344459825993,-0.6136727609699191,2.2567513964341175,0
-0.6079814612251688,-0.7770713373969691,-2.6114081003940766,1.2522129097598176,-0.2799571997268404,-0.6989504394636011,0
2.6907776536458146,-1.204669736578419,-2.075890192488313,-0.6409043492480827,0.32607928781660833,-0.4972676139223384,2
-2.6592343209773954,-1.9258063222223774,-1.7455904641961646,1.3074841895433447,-1.520699391412382,-1.2314687485942084,1
-0.2765557416135862,0.35286222839588666,-0.7785854304371904,-0.2543767758055499,1.759253747612115,-2.57388211506442,2
1.7892688411527828,-0.4954337293511506,-1.8987726916058625,0.2997745637215646,0.624331089362818,1.1841725276601456,2
-0.8112516750846228,-1.0463668324998288,-1.090711701954013,0.23632590272777546,-2.5057719096735536,0.8537246722572774,2
0.05619455088894698,2.4962133553007675,-0.49767696541914397,0.3495949993602971,-0.8991089460298781,1.137706202714778,0
-1.906438880914442,-3.575985063963609,-1.1760605114754956,-0.18317826890522865,-0.4783211255000617,0.2917303772534079,0
-1.5968850233075098,-0.45708598799146094,-0.031063031744166247,-0.7231156306389472,0.5454355650843051,1.8967381819965747,1
-0.4131280997996798,-0.1279413607978972,-3.1356390238290377,0.9890742106954769,1.2404234464016366,0.6967309092318439,2
-0.6889546836413345,-1.5795779793146958,-3.9959759968219433,1.5689344956774955,0.9799756764128047,0.25386120901458487,0
-1.6876701560199823,-0.8325260507955999,-0.21889631696951195,0.34489700824991926,1.4906417080285617,-1.1859110092328462,1
-0.9575470426755202,-0.15541972441415008,-0.28681788705646627,-0.19052836766367762,1.3466643137224532,-0.013172988522326835,1
-2.7040151925759233,-1.614577244082944,-0.5753825828154382,0.8111432591099114,0.5561880775532186,1.546090168234707,1
-2.0503685074766445,-0.36588872619252677,0.20591817254514466,-2.488562261791484,0.430990562196512,0.33029086313314077,1
-1.4058401743148548,-0.4183738473287304,-0.9678606167273615,0.42709731679166757,0.8548034761807096,-1.2915111010958051,1
0.5163424097884185,-1.8280854419947974,-0.7110084051865624,0.864154213470886,0.6976593798532549,1.9124094099167985,2
-1.305606100188223,-1.7019259771892932,-0.8547984960843418,-0.03687956134379011,1.2854844338555569,-0.19081740545434528,1
-0.5300249343704511,-2.952342383002055,-4.793135918491094,-0.6549459608026902,-2.431493138106877,-1.7783509672653808,0
0.8784452152382485,-1.6137653983596496,0.522980954094791,-0.4198634610863194,1.754502067533609,-0.5745469761338794,2
0.9819462748719392,-0.1625862886414673,-1.2443537317489015,0.7389154710436832,0.563897703536411,-0.304804089517739,2
0.3592289562155736,0.5822456633961199,-0.982664521848176,-1.0778741029687253,1.5608531635577627,0.8100806519091857,2
-2.537553724096375,-2.459307654717127,-1.0942098554984012,1.0331185153998403,1.6797178077060708,-0.4746977696370589,1
0.28385662000075973,0.8975248418230541,1.4359866443787555,-1.0656997173554419,2.6290934433750204,-2.3216304066999154,1
-2.2113616603573165,-1.5934715361364047,-0.595911011144157,0.7339892274185661,1.9979992851023023,-0.8130121217203724,1
-1.3131202655292455,-1.8672280893361455,-0.8981749736847509,-0.9700039675090428,-1.2178437478406656,-0.003507992008540084,0
-1.5962455134268148,-0.6714822335598338,2.106401787997965,1.927569385178195,-1.677180402844328,2.289805797460459,0
-2.120611662876576,-1.3167114658426768,0.27090691841478387,0.5319906076118036,1.4633403450196873,2.188056759288627,1
-1.3998670366988302,-1.742513544660247,-1.5024962981925138,-1.9584415421346377,1.0427651176995947,0.5301913073429116,1
1.4743568765189892,-1.7520772872771406,-1.696542617596596,0.16870626109520295,0.4291317258345765,0.3597367643574598,2
-0.7684010675462968,-1.0866051209919214,-2.2367370637342425,0.4540138017167675,-0.5768501315183068,-0.9420659015623665,0
-2.0712971171555132,-3.790893509005685,-0.14811239588464986,-0.044764807386507684,-1.7513098613585452,0.953671678165781,0
-0.9757605181370095,-0.6706753712576086,-0.8235322286861904,0.3673886906306303,-0.5806258889595598,0.6170301703206962,0
0.9086375297569279,-0.3819311895057069,-0.8454233470581808,-0.6365257231756023,1.4398169783376475,-0.6032078961176216,2
2.686019621348277,-1.559063039569907,-1.6064449259397282,-0.8204680929130882,0.3113998789263088,-0.42850000482208533,2
-0.7917767076755214,0.11011277500420191,-0.06455499407849752,1.3488294204391502,-1.6205470380772975,1.2919466965668656,0
1.7313958290131173,-2.1799121128423806,-1.2812541199347205,1.5005713689626685,0.594409567930813,0.8510692140206136,2
-3.33648261976762,-2.2280693652386496,-1.806772010931087,1.0418521437480288,-0.3673279647880716,0.6024660957009005,1
0.8521457858497758,-0.6736905089571534,1.7795025745585367,-1.0811371127976614,1.6077380004680557,0.2294032478314346,2
-0.579993443303164,-1.001976173380987,-2.365647439643726,2.4344086332376818,-1.6450300930794506,1.669228754640302,0
-2.149291758354617,-1.6192196739022586,-1.165933214968745,-1.8385068318025504,1.075815612270707,0.37427818048114503,1
-0.6404258531429545,-1.856795995464843,-3.0615390393390105,0.7084210428945821,-2.065109837426644,-1.085456076896216,0
1.1850182102483384,-0.24884089495472128,-0.21926454836610854,-1.2998942792963248,1.413614906676738,-1.4149758718760481,2
0.6077813023572932,0.38721477281917127,0.6689465014036156,-1.0719749162741792,2.237990087093336,0.23374717642291024,2
-3.2859336799818295,-0.4468496736473144,-0.9356388756535645,0.11434689130368872,-0.5666471274286418,1.2974214212897037,1
-1.506410739741559,-1.117722326369599,-0.32550020691611736,-0.08922545291666428,1.4957357235306663,-0.9033434862969979,0
-0.856681762558306,-1.6604920427379737,-2.624943357234006,1.269678839602134,-0.7005721972581067,-0.5491469770457174,0
-1.702639961362752,-3.1574706239413572,-0.7850386959282761,-0.06154327388004871,-1.7303411482505684,-0.9962320562225203,0
-1.6765478411862524,0.02001621639497575,-0.23591536518824896,-1.3971579982180775,1.57621746002439,-1.452795895888346,1
-0.6788494988868241,-1.253459945562466,-2.3321193260166235,0.08635531550037072,-1.6513230871670979,-0.4300992037619455,0
-1.2497846855895918,-1.8990580472775926,-0.8529373440719432,0.16105147859658853,1.1597682884123297,1.4617381335348938,1
1.287288216775536,-2.0272063897616874,-1.3649257553170375,-1.9949452858132852,0.28222126345814114,-0.644386928798028,2
0.24823204379340424,-0.3942048872779239,0.4830798425797165,-0.5073836817460986,2.169856649843194,-0.41063469198080127,1
-0.9877523452339058,-1.5033976632086787,-1.611864954718428,1.9436030481831703,-1.2616182507861693,0.5198648520122691,0
-1.8739022799645846,-3.194818847773811,-0.5421894292907021,0.33016684119296735,-0.9574504421695904,-0.9244972092556034,0
-2.8830790121532583,-1.4024314246396838,-0.3053805286549359,0.3400593668608015,2.4535695465719307,-0.5589947278819981,1
-0.10766509494538967,-1.168821168975175,-2.305907934429041,0.004813307376784878,0.28769953564513573,-0.20462175126486848,2
-1.8414265183106513,-0.3568233088839272,-0.985715462624509,-0.655578997329579,-0.5254689425929133,1.6405335708923698,1
-2.1578265818537212,-2.52133490053051,1.4585546234622329,0.4172634478581861,-0.941699676975934,0.5623166206232582,0
3.100172701961187,-1.6873529658382567,-1.722518708292578,0.25713065241862126,-0.35770286682705765,1.4344668693460538,2
-1.5209601215093778,-2.8173751928123876,-1.7633433879363967,1.688793913309905,-0.293597128563698,-1.9334411067859811,0
-1.035659958066631,-0.47949405155065206,-1.0578144819419608,-0.1586166770513216,1.5801025011924028,0.7372913165470523,1
-0.018221366146488505,-2.9369501776776046,0.2137179562618161,-0.21975049584272882,1.3169860400924427,0.2325949082278164,2
0.42533406578898025,0.49354141640239124,-0.3087499075939314,-0.11405917237235645,2.1102904612210778,1.106850182189822,2
-0.22181793684737305,-0.8282661907152551,-3.8924035115826126,0.00276183588393645,-0.9719114161430422,-0.7820238651074395,0
-1.7677120833168019,-2.276148068364035,-0.02634513133501859,-1.0317170119335606,-0.38310912957780163,0.4383825801284031,0
-0.05947596366259944,-0.6935426835740612,-2.919757597758249,1.247811197916247,-3.7730904783217447,-2.924925179196677,1
1.8084373734638075,-1.6800836625295497,-0.11927154974686216,0.3549682547576656,1.1204332743618712,1.6083893113571923,2
1.7188415567561899,-0.12844467332472842,0.150097272094724,0.5279026489428972,1.473242608475519,1.4939381997983447,2
-0.9162816943374629,-0.2896194223056321,-0.1607686942079668,-0.8988131880349017,-1.4152270185878146,1.2431834372143582,0
-0.7021347269564362,-0.13302497139800584,-1.5833291763743085,-1.383453518068656,1.1508317111387947,-0.8639591168352135,2
1.7066359550684822,-0.7112226223938319,-2.0433972393092263,1.9871309706701052,0.7264731035068401,-2.5434981829554735,2
-1.284397893578813,-0.8106480828913232,-0.9027527458769105,0.35597712395974557,0.19549305914349968,-0.036595862562551394,1
0.8122621455483328,-0.3823930328422348,-2.337246169083085,-1.9355846795170613,0.4921150421122501,-0.8135437543979207,2
2.693845297471141,-1.1097518659941188,1.0727882426788082,1.278329470318716,2.033926657363302,-0.35504864437215156,2
-2.05038793591274,-1.3187457149907347,-0.35595368285576034,-1.0920457994509594,2.0940738853444594,-0.7385354255011861,1
-1.8239472744064873,-1.965572956179602,0.24861236001017661,0.7312465066704062,0.5042405727667656,-0.8466117091333288,0
-0.41582132644613634,-0.5269541657176882,-0.7345118651049041,-0.042335658198237126,0.7128597596001142,0.4049140989591295,1
1.0837522747782122,-2.1973262047933844,0.7812298782197007,1.518886581452663,1.4813851065494097,0.8645299085407953,0
1.999025228115735,-2.0878269903236775,0.46566097919006255,2.533516165346526,1.0648334955086427,0.1609789471789995,2
0.5722707558795517,-0.18715220963130597,-2.291630518713986,-0.3562902946047844,0.8288818688139954,1.368129807708867,2
-1.813193796776499,-2.006076670570022,-0.16924963341190102,-2.1663808434157783,3.6811900116877325,1.5511550445957039,1
1.539604602513334,1.8320044224828869,-2.4954098594987935,0.1989026621503274,0.9786332654705873,1.0545935162270592,2
0.4288593120726477,-1.7635745137570893,0.33446626906830024,-0.13929201177662912,0.17232512474641215,-0.8339843541994671,2
1.1106713456740875,-1.059006669772702,0.24821498030407785,-0.9688316315467529,1.3711578190746063,0.8395935456672053,2
-1.0816471225571536,-1.2959886525171753,-1.1431458486212978,-0.0489651890222238,-0.7855723441711528,-2.590545973120058,0
0.5480618359873415,0.665738365453848,-1.0606398754006832,0.21174971808112725,2.0507037559002512,-0.510334983207748,1
-1.5787516237378911,-1.1096346259999534,1.2623652487518116,-0.37617660278168846,-1.2638379070893704,-0.6166050540454969,0
-0.8382872262058884,1.0961126221184485,0.3297739837231841,-1.4397742131100844,0.7943558971702802,0.7828371647378921,0
-0.22141144534167123,1.687604755437695,-0.7411978274801035,1.6101715293786063,-0.42319283977881605,-1.840329036234172,0
0.2559355917868673,1.0781013297872901,-3.481941628016873,0.4436139226821785,-0.3142367647192059,-0.2548998448684591,0
-1.6829192835380677,-0.7940339137807447,0.09336417230464522,-1.4438895774639133,-0.2438530592543633,0.09626077640338242,1
-0.0504403527626931,0.5847372653875105,-2.7243194795966907,0.734218218708196,-0.7558467702420153,-0.5706713486133254,0
-2.4866075433881845,-0.8156487669403576,-0.2875467216576547,-1.225767816757602,0.6025051727831886,-0.8667229746284533,1
-3.1627869041685464,-2.244701415526306,-1.0771073339017778,2.11087263702428,2.07840463824783,0.8011640198239227,1
-2.0297579632393283,-2.7356709208658136,0.38459035986516854,-0.43396614207281087,-0.26882945696935057,-0.09843898615563221,0
0.30135964798532555,-2.7872878705823365,-2.938707312652676,0.6511614606523132,-0.29023561593645764,-0.18319391822192532,1
-1.6544227248735357,-0.9580153086535794,-1.542234159554287,2.136559128802725,-0.5668477249669559,-1.6550629923331868,1
-0.6157901499841802,0.21098961201244393,-2.9958275685746463,0.3578383486710236,1.2887816063005648,1.5168128671298737,2
0.7416353879111508,-0.35846632497791286,-1.3932668531060677,-0.872153679193295,0.9192841291611381,1.4615262062765033,2
0.7649853942183665,-0.7482630575330336,0.022115412498898257,-0.03821102747132102,0.9310324280595095,-0.6784854050250794,2
-2.236750866189052,-1.5213097351881002,-1.441107695751651,0.0438733598289749,0.23716356265669425,1.3317569703945535,1
-1.016394831758955,-0.5348217549200238,-1.280854306429521,0.009931019733270987,1.006759736857909,1.8822922338341885,0
0.19096122282583772,-0.23131107033265885,0.17258458207413696,1.0742676129098663,1.9947944838382665,-0.596395217935485,1
-1.5290654955820977,-3.1696911170219395,-1.1608805618081464,1.1532385785452397,-2.5749922170078814,0.3712128680568303,0
-2.4426079968150294,-1.449628916222328,-1.5035473887133477,-0.14160981015580998,1.4154167459374827,-0.5034210533268308,1
-3.1717969126711094,-1.2952365714151415,-1.0381162109642899,-0.5651736316059788,-0.6015799131026633,0.6157007293625533,1
-0.5467920256118823,-1.2307736290579467,-0.898170789307699,0.8943678872123748,1.5051580388263721,0.33014261578907306,1
-0.18432335710576409,-0.4345341470968973,-0.11116370893166039,1.9478167872543153,1.3263161326212574,0.47047365611673203,2
-1.2732041357651398,-2.317280796036113,-1.8694235965010124,-0.608586086006421,-0.6430998548523219,-0.41445810177032616,0
0.6136000054186428,-1.5318366262384087,-1.3157331821748348,0.10617496974650213,2.257741795779914,1.4475869245124284,1
-1.1224494323084666,-0.32611410037045574,0.49663682643833784,1.3068740958752738,-1.1572440091847738,0.8375078724832392,0
0.7788923892111286,1.0636226035958245,0.2613505458094849,-0.0607314103854932,0.9129170403446202,0.56568707966939,1
-0.5763305902412137,-0.990502814145074,1.7785235079769781,-0.4358189771662314,2.042132680778413,1.670162587348925,2
0.547302768426539,-0.8108871254277595,-1.5555001964994628,-0.5596626897839663,0.6760437144392983,-0.7960160652158775,2
-1.597010629432439,-0.5015001548589471,-0.7880252199212857,1.036201832131722,-0.19345673465756752,1.219503568712245,1
0.18852096047796962,-1.1521618070396187,-0.2815305135769369,1.3720614239496856,1.5840221550212958,0.7757672174031766,2
0.030354273293686673,-1.4516131256172409,-1.5313819301903253,1.290515418870559,1.513554503555679,1.0907235861498341,2
-1.4941479734398202,-1.814947045287828,0.2414904032684282,-0.48037749098032195,-1.6829582008730337,1.058504300451178,0
-1.2978629534760047,-3.170016901154159,-2.279025362334144,0.4028217210829767,-2.1131674419861133,-0.8386895237038932,0
0.575635517652783,-1.3753601174708727,-1.9311084001099212,1.0026509129878278,0.8084318391912846,-0.2637453878486052,2
-1.338562877957759,-1.4538502418699666,-0.6288184912019903,0.22970074716785507,2.235784159630324,0.019154915057859004,2
0.05737322566369518,-1.8500454389462329,-0.772446997177521,-1.9357655472112385,1.0066408487475318,-0.8201217200962095,2
-1.3938254203606746,-2.363733348828195,-1.7661066821541525,1.1622007890407522,2.1635946609717975,0.13727613567828928,1
0.4365373181479413,1.5075255497217124,-3.4195748693468744,0.06231564543053688,-0.7842310228446445,-0.7054256480791758,0
1.393967374435539,-2.9423366020981296,0.8603342863581229,-0.23916638006903776,1.1381780920472702,0.697065274014387,2
0.009397830052729428,-1.4543745087819078,-0.38823541835531317,1.3738078274271044,1.3039206236582102,-1.8055572614170154,2
-1.053391455041135,-0.7561853018896675,-0.8193348250918202,-1.475037198340117,1.3191190173701828,-1.6523670157038093,2
-1.8567854605141514,-1.9410725320664661,1.4975716706245055,0.1339599071656446,-1.8381228670481113,-0.6498214781408206,0
-2.3446829708032197,-2.449594109510042,2.5239088244393835,-0.32323796452209,-1.313489874120815,0.2560548642832593,0
1.667018302891762,-1.9989265158365273,-1.3384129969466125,-2.0469346867227998,0.7358331493493366,-0.4283452397058618,2
0.7114844762712597,-1.5745142593257206,-0.7267826976804941,0.318105056052626,1.123515451571222,0.9886805603447387,2
-1.3345546766616982,-0.4378158122991813,-0.08356471714535096,-0.9406448976409142,1.0174224848469549,0.7260034325676684,1
-1.9618756062309637,-1.9858197381333498,1.365794804900768,-1.4568378693933226,-0.8126393567401329,-0.5572803003627007,0
-0.7582386994816881,0.013891166874198335,-0.1303698689578987,-0.7487835886440163,1.6050115073586153,0.5718780661783558,1
1.2737927535732165,-2.4966253255224458,-1.979556268475139,-0.3216625150584195,-0.3658466692989386,-0.6283840909951381,2
-2.770610552103565,-1.6394003161145276,-2.0002425093359895,-0.32256478410197714,-1.436265773269417,-1.3578224620375543,1
-0.4840990663763628,-0.5852421737780364,-1.6190812754811659,-0.8814336084580743,-0.7978707557473002,0.31353796728351535,1
1.0381083522431678,-1.3239992694142182,-1.5799883146836988,1.0608136862553892,-0.08273368223697464,-0.7931253451671499,1
-0.681460175440922,-1.9106258895500687,-3.353712287188926,0.7730133622538113,-1.3511073638349824,-0.004824621905130248,0
-0.6166906864813699,-0.2020949535830392,-0.270610391782127,-0.6311897694433802,1.8315499594506486,0.08070662638674134,2
-3.6410152114810734,-3.724256714700109,-2.4117593275030242,0.12569982217698403,0.602191861073738,0.11068240565582617,1
-1.4440630816657718,-1.5391431719368422,-0.3188025888797621,0.538806211751954,-0.2327312757424742,-0.8474296921179458,0
1.6903505012130173,-1.2079779288944013,0.43905024873103016,0.9540138158473067,1.331546064717831,-0.38369041958098427,2
-1.2271662265934091,-1.5234571034499285,-0.9245991392564716,0.6820595085768006,-0.6877103857959395,-1.3454848362522223,0
-1.0429657920563988,-1.8553907405621706,-2.512241699587563,0.22992646789343035,-0.002748308316509185,0.18716402048616199,0
-0.8350848287928111,-0.6172351986815064,-0.7439690312365196,0.025426702611634773,-1.7835660590679563,0.15161882736063023,0
0.3999660942590052,-2.089442224537952,-2.168771111541032,0.8815997459782084,0.4511146785531137,-0.6642241813532244,2
-0.8497390827776181,-0.03438357361642663,-1.0092463110633145,-1.323271023105105,0.49816887594532777,0.060321914532972226,0
1.0423930774109342,-0.12746626840480846,-0.5084266612815034,-0.25939175593725616,1.344713269879899,-1.6999597206830213,1
-2.233026175570342,-2.2516312483843666,-1.744700394119186,0.49666473422737467,2.089650680061652,1.039395053042138,1
0.3939532219329802,0.9556827947396551,-3.5379205659447264,-3.3868137614883,-1.8723670603814266,1.2914035482160082,0
-1.7577575306050752,-2.2847742488001614,-1.8280173103960133,-0.5713742214499119,3.0053293489410704,-0.06700714194351028,1
1.0690695610364604,-0.6160465317299972,-1.1550430603891932,0.1884677290662768,1.1266451898723846,-0.9123874525123897,2
-0.18632700780593603,1.808651440043933,-0.21377156843271572,-1.3535598561343933,-1.2840667460815958,-1.5247054499878059,0
-0.31852621318124164,0.029281150366221365,-1.2669038923636826,-0.45973073137422704,-3.218731200583428,-0.3682252752410914,0
-0.6204212329298706,-0.01495575062198995,-0.03748615726203364,-1.006979473446641,-0.5254474133332971,-0.13388892656571572,1
-0.6392589364924535,-0.2698604851665065,-1.494032277640966,-1.741069310062649,-0.7776602742352453,-0.18533712281575823,0
-0.8297051807492422,0.20102417275557438,-1.1502678573858194,-0.3253628783514149,1.2970706710410438,0.933783912872343,0
-1.0657443902766675,-2.39679108760674,-2.9663851798042673,-0.14634235365483608,-0.2918535914922543,0.4753660343472122,0
-5.0460597764542365,-4.539363154092545,-2.298951982885093,0.661422784083347,1.5291341819645334,0.6714806010069174,1
-0.5853820821001016,-0.5842002497096527,0.13084413310942145,-0.588236459587683,3.5852493711421065,-0.026636644445163456,1
2.1149186026129616,-1.3694604774075305,-0.0596085650720537,-0.4840496363870183,0.955598585366414,-0.41138983002749074,2
0.8251379481009902,-0.057644703999462754,-1.0423034466456036,-1.641253202359863,2.069106237470564,-0.6152291907079231,2
0.1543886053953294,-2.108423583997929,0.8854475015859484,0.15716234986881794,1.193948296683368,0.5821670444800581,2
-1.7198664893578839,-2.32816093260809,-0.31845155280756376,-0.04820608148706246,-0.28652279191709273,-1.0369510059749418,0
-2.1278508711158626,0.3116987154866133,0.3905019830071994,1.763557440006718,0.6948008922841349,0.856450680015159,1
1.6963010197315924,-0.6140926009199582,-0.7140502614984712,-1.3577908952578768,0.8775768143721111,-2.517143142096245,2
-1.6255809662887306,-1.7442064516112592,1.0422831729288897,0.11088947888776789,-2.195489569902596,0.7380803749096508,0
-1.3365396413437618,-0.0760001890380444,-0.7269174071797972,0.8604560484222035,-0.2147909269685493,0.9425685485361891,1
0.2992618075264768,-1.510092264000008,-0.1968972289042329,0.32937314558352676,1.4640903722010763,-0.44415535763277153,2
-1.199622584729879,-1.3047655167213468,-1.3128029250711195,0.29785609420602127,1.1735564343726408,0.35034177922839693,1
-1.4413704249318364,-3.0362973820062895,-1.5104276938013323,1.3851489252123237,-2.136635597840466,-1.381109755914747,0
-0.8424506018262926,1.4482643584530601,0.1166294619768311,-0.33317166483092703,0.3711162228904974,0.768179564462847,1
0.3465273248439561,-0.6278245659944817,-2.1191546711141522,-1.3022392090163228,0.6498399289849532,-0.05653974398173432,2
-1.067365484800735,-0.863558268600048,-0.5482195792477944,-0.3242248189982904,-1.0161612803558793,-1.1230605601445518,0
-1.459485760319418,-1.8323318043734655,-0.4961577977160697,0.7445840271996791,-0.6794735490418751,0.8994350407557219,0
0.17483196437057047,-1.0575024466027878,-1.0552732038771648,2.2671801950982227,1.255382937517755,2.4793894187099115,2
-0.26044508068190797,0.44277730548576044,-0.842498997400638,-0.6730468451270122,-0.348308018110397,-0.897046430645255,1
0.7845709357598636,-3.2371993325126156,0.1840842246068637,0.8129142448974712,0.6744413562665357,-1.425593315478103,2
-0.11089715189089666,-1.2948341285228535,-1.8348374776929721,-1.0038910792188394,-0.018179268952409178,0.042482538923175224,1
-0.5122653910503239,-0.6450080040230832,-2.01766273095011,-0.5271213854151164,-1.9692893644996294,1.68354649877845,0
1.286964557058705,-1.1915306963776544,-0.13193064208693794,-0.8184039305286839,1.0001183990475617,1.1219057109821344,2
-0.8221420327318749,-0.626350521429098,-2.077537235680338,0.1994879422774132,0.897010366410445,-0.16850663093486837,0
1.545310834914202,-2.1208319762057872,-2.7405872139676983,0.8950086680601209,0.592240239750673,0.5919846851245532,1
2.884560371073289,-1.6402719253437887,0.32279079456993975,-1.4922687866598638,0.8975047783874206,0.8735164244697508,2
0.29311125469513155,0.03193874380167183,-0.22270944768884127,0.48415911893295277,1.2332868687310172,0.23958888072416873,1
-1.872478575512256,0.5960034720968219,0.05476189212425453,1.3083158308914355,-0.8259184519644995,-0.15650703083537273,1
-0.00808953679274993,-0.7437555640540365,-4.756124546816419,1.0599405560591506,-0.5347935741744556,0.20764933540409175,0
-2.430126453902899,-1.0855176095522048,-2.325107738204644,0.7225885016201056,-1.0806316460931606,0.0695480877572431,1
-1.3366659426604723,-0.8807562532974227,-0.7131057495010493,-0.5280338385633047,2.9238592836621073,-0.23623613149791714,1
-0.9269852446434727,-1.4645906169429006,-0.9611100049349484,-0.393757316473212,-2.8742936102318,-0.6582734432013181,0
-0.46158006857351386,-1.382869200596088,-0.4699330112690008,-1.3985196480651843,1.40744359423124,-1.4869359725271176,2
-0.0820421562771323,-0.6072761550529322,-3.9737131166626036,0.3118141834772605,-1.3102272418769196,1.4567099500617942,0
-1.0882963508783043,-0.0866064546662294,-0.9595347245185759,-1.2802684093629393,2.2331978809604482,-1.2062713092828017,0
1.1858832366845267,-0.9341284319315872,-0.3229046781310775,-0.8224709128492901,1.3892993319393532,-1.0935571458882358,2
1.334009068347349,-1.3207063074925676,-0.8148977641822202,0.4201179982519729,1.1678225435729213,-0.48839173081703213,2
1.5470227622457084,-0.983706038828383,0.6926685826824617,0.020947365525143383,0.8395387388732022,0.2180755086527237,2
0.5230874266570533,-0.3628461710140988,-2.0995353846674947,0.3786662342514116,0.2473971869158389,0.0438749637607155,1
0.2986110874813005,-1.9093587159738759,-0.4983948147306593,1.1698009525885504,1.025311227998256,0.8842423057738108,2
-1.3820790819563342,-1.437258701123776,-0.45873797568806973,-0.9657574156062594,-0.1844372744794739,-0.5937953222563245,0
-0.19535283779145718,-0.043494972125918685,-2.622458095635597,-1.0529650784003068,-1.5993377817504353,0.1849008169289769,0
2.2963848173666817,-0.49425991586083373,-1.235922294720801,1.9564182531884509,1.027604152479923,0.7469234690710594,2
0.4880842992058323,1.6976193365494248,-4.077018430452339,1.113948633215661,0.7113741212101381,1.1145162842184595,0
-1.4427418143399313,-0.6770013832614142,1.0142112242279362,-0.2202546014960882,-0.5201531708356326,0.7941400600761793,0
1.1768002573796597,-1.2282537555255097,-0.8799971943840961,1.0587438299148093,0.7557544217054875,-0.4376082567569663,2
-1.7759028225757651,-2.1223583747679764,-0.3425342245801878,0.18494228287440923,0.9226574091162432,0.010175070741430444,0
-1.3218952321959014,-0.9825542871779729,-0.7220761658887369,0.3046362963480508,-0.8003349906068598,-2.1654815857130014,1
-0.1406012196718951,-0.3852569151738886,-3.2592393488753175,-0.36536299077273116,-1.7274986749984076,0.6771597120657875,0
-0.5631143406896233,-0.8701603213966218,0.09472154837237601,-2.6267862573507106,1.5996420435091028,0.43388085090023226,2
-1.072052551466986,-0.030107520230705065,0.16832058691181073,0.9016109145684073,-0.08598342276862703,0.18971172872552536,0
-1.8973256073197304,-2.790474445015122,-0.35259433103688365,0.8130736316294986,0.043071384792830125,0.5032846688166488,0
-0.8572420621789033,-0.8202882627274095,-1.1137445471147915,-0.33991450576921695,-1.4485044419288853,0.13829868978581025,0
1.3061028618616521,-1.4765481764365989,-0.4612932243697627,0.005833546665433634,0.6644290486280074,0.6544924900712037,2
0.5912466280630713,-1.3594991968404524,-2.960932598564142,1.3343503259492993,0.8313952152468425,0.5373156575442041,1
1.430451579974108,0.16324313092516762,-2.0600399144830783,-0.6026858478277888,1.1484273247986994,0.19356939925357777,2
1.5404404943897607,-1.337026496289632,-1.6396904851414587,-1.0919754746661545,0.37732642365290414,-0.5399876357256903,2
1.9924743306877417,-0.7345586402155488,-1.4794696252599644,1.6076409211162175,0.7927167688053589,0.8663199502620572,2
-0.9636019799710487,-1.639443243431589,-2.341355220732741,1.337831020966117,-0.2518817020579417,0.8119403283952916,0
0.6612838726811071,-0.9816598631083496,-1.1046104429736674,0.24990170911772747,1.7437877172852994,-1.3819953225931907,2
0.14264208199384376,-1.4901165371348235,-1.5169193254735762,-0.3466533614301105,0.8853978053949396,-0.6490537204283726,2
-0.8958632959336125,0.2589483806243513,-1.305339167068023,0.8207593039813063,-0.6036305489689358,1.0510951206993302,1
2.8111368403805557,-1.1226629589497543,-2.2182650854537327,0.5854907437496162,0.888304572803427,-1.2567613448956396,2
-3.104431289727742,-2.253081183473285,-0.6321264866633909,0.7732543213170501,2.4328425790195536,1.126296559324147,1
1.5456531009534396,-1.5614266725199972,-1.2712700653120133,-0.7588521310376378,0.032734838220172535,-0.14200761302952686,2
-1.7511599992076956,-1.8388908748643247,-1.299152852275389,0.6384509351645649,0.7593382357257576,-1.7581930072759717,1
1.1875664586409425,-1.3454656507674145,-1.686389633229788,-2.0224615847208947,0.9791791511420305,-0.560186525218209,2
-0.271615273453246,0.204013876627813,-1.0945734084238528,0.14993167006339106,-3.4289745921884003,0.31206959779496757,0
-0.13119507061362234,0.7760980623901668,-0.7970751505472907,0.13575387991766508,-3.555229082432498,-0.7631488231437142,0
-2.117888822237991,-2.2029919533959115,-0.3106921031371407,0.6975866003471783,2.261926896122178,-0.8313994672674534,1
-1.1222561057764298,-1.4125575385411155,-0.9469157562992945,1.3626170266133677,2.237410058388443,-0.4203951223616271,1
1.6444558806900316,-1.5517932323330355,0.01492049133897888,0.7251994726731844,1.1225657733557308,0.26429782197543344,2
1.0298907401790893,-1.7992089890483434,-1.0891847586583316,1.3651487618920815,1.148737256011092,0.42962494063367457,2
-1.1191404384306607,-2.198545755999353,-1.8068026634399452,-0.8988606069585929,-1.764178964162499,0.1317198895343158,0
0.5875806603805993,0.24503519741197555,-0.9247341632274587,1.556000571839204,1.0754361788070896,0.8810715736226133,2
0.1734565174419641,-0.40529366066123307,-0.5543339138299335,-0.24530054133253051,1.4785929192596785,0.6771468663576308,2
-2.6589622199913956,-1.385595736086412,0.5466733336643725,1.108788382475365,3.673346961581478,0.7490898442530696,1
1.2684821300220495,-1.280685401839544,-1.852644263184247,0.6329676506008086,0.5182027098132793,-0.198640259656028,2
-2.0152921559669705,-2.9714852733687533,0.7848853107063642,-0.8442790185229957,-1.8491134326241643,1.3668364606054457,0
-2.5934144848645926,-1.6210189314053425,-0.48291390022776304,0.11924332929589004,0.261199061424749,1.705642942525445,1
0.3894838316665279,-0.16582379150952975,-0.28287799233906696,0.0004212592371184664,2.6613299698407507,1.4990344046594257,1
-2.8657752913935726,-2.2388844262458565,-1.8240897375481229,-0.9017815867008206,-0.18981685675743476,-0.6809510758067541,1
0.23788518261816305,-0.5046048820605736,-3.1579370007222343,-0.8763847334453033,0.26533217730802616,-0.7674210000716748,2
-1.8531695513471478,-3.091211800806011,-0.13360549439001912,-0.614236618548697,-1.7018403170675294,-0.2458499789779966,0
1.4768501500655464,-1.3798253505494937,-1.4634038657117248,1.7274827380309878,0.46443419637581507,0.09430857892896574,2
0.34746953843157424,-1.8569879825528794,-2.647408873450596,-0.48635689354981293,0.7064327490799762,0.15744792496076662,2
-0.8191536594305958,-0.18306382799798593,-0.5910331093209386,1.876173413227712,-1.1544512148610746,-0.7093787075578609,0
-0.16588749281525494,-2.1801860808547757,-2.4873459580118267,-1.0204045638322368,0.059636295875962086,-0.6693860527711348,1
-0.6581201068242015,-0.09593932240514413,-0.07580465278516801,-0.44272505218466185,-3.1252466861321215,0.17259410391486618,0
-1.3687758777129433,-1.239726454610049,0.11819092697261246,-0.31778060433606964,-1.0432508836839713,1.0499842925713831,0
-1.6318522320179922,-3.154246462467924,-2.1767566262730655,0.771038919953255,3.2413557259925434,2.0458172880882857,1
